chrom	start	end	num	list	rep1	rep2	rep3
chr1	5661	5689	1	rep2	0	1	0
chr1	5689	6218	2	rep1,rep2	1	1	0
chr1	6218	6246	1	rep1	1	0	0
chr1	8270	8604	1	rep2	0	1	0
chr1	8855	9246	1	rep2	0	1	0
chr1	10682	10699	1	rep1	1	0	0
chr1	10699	10706	2	rep1,rep3	1	0	1
chr1	10706	11581	3	rep1,rep2,rep3	1	1	1
chr1	11581	11585	2	rep1,rep3	1	0	1
chr1	11585	11614	1	rep1	1	0	0
chr1	12629	12656	1	rep1	1	0	0
chr1	12656	12689	2	rep1,rep2	1	1	0
chr1	12689	13139	3	rep1,rep2,rep3	1	1	1
chr1	13139	13166	2	rep2,rep3	0	1	1
chr1	13166	13199	1	rep3	0	0	1
chr1	16547	16555	1	rep2	0	1	0
chr1	16555	16556	2	rep2,rep3	0	1	1
chr1	16556	16963	3	rep1,rep2,rep3	1	1	1
chr1	16963	16972	2	rep1,rep3	1	0	1
chr1	16972	17408	1	rep3	0	0	1
chr1	20391	20430	1	rep1	1	0	0
chr1	20430	20804	2	rep1,rep3	1	0	1
chr1	20804	20843	1	rep3	0	0	1
chr1	26764	26801	1	rep2	0	1	0
chr1	26801	27165	2	rep2,rep3	0	1	1
chr1	27165	27202	1	rep3	0	0	1
chr1	34813	35257	1	rep1	1	0	0
chr1	36500	36502	1	rep2	0	1	0
chr1	36502	36504	2	rep2,rep3	0	1	1
chr1	36504	37095	3	rep1,rep2,rep3	1	1	1
chr1	37095	37097	2	rep1,rep3	1	0	1
chr1	37097	37099	1	rep1	1	0	0
chr1	40662	41051	1	rep1	1	0	0
chr1	42183	42201	1	rep2	0	1	0
chr1	42201	42223	2	rep2,rep3	0	1	1
chr1	42223	42603	3	rep1,rep2,rep3	1	1	1
chr1	42603	42621	2	rep1,rep3	1	0	1
chr1	42621	42643	1	rep1	1	0	0
chr1	44391	44404	1	rep1	1	0	0
chr1	44404	44429	2	rep1,rep2	1	1	0
chr1	44429	44896	3	rep1,rep2,rep3	1	1	1
chr1	44896	44909	2	rep2,rep3	0	1	1
chr1	44909	44934	1	rep3	0	0	1
chr1	51821	51832	1	rep2	0	1	0
chr1	51832	51845	2	rep2,rep3	0	1	1
chr1	51845	52277	3	rep1,rep2,rep3	1	1	1
chr1	52277	52301	2	rep1,rep3	1	0	1
chr1	52301	52566	1	rep3	0	0	1
chr1	52618	52640	1	rep1	1	0	0
chr1	52640	52666	2	rep1,rep3	1	0	1
chr1	52666	53140	3	rep1,rep2,rep3	1	1	1
chr1	53140	53162	2	rep2,rep3	0	1	1
chr1	53162	53188	1	rep2	0	1	0
chr1	55020	55032	1	rep2	0	1	0
chr1	55032	55064	2	rep2,rep3	0	1	1
chr1	55064	55516	3	rep1,rep2,rep3	1	1	1
chr1	55516	55528	2	rep1,rep3	1	0	1
chr1	55528	55560	1	rep1	1	0	0
chr1	55914	55934	1	rep3	0	0	1
chr1	55934	55956	2	rep1,rep3	1	0	1
chr1	55956	56843	3	rep1,rep2,rep3	1	1	1
chr1	56843	56854	2	rep1,rep3	1	0	1
chr1	56854	56874	1	rep1	1	0	0
chr1	58726	58733	1	rep1	1	0	0
chr1	58733	59209	2	rep1,rep3	1	0	1
chr1	59209	59696	3	rep1,rep2,rep3	1	1	1
chr1	59696	59705	2	rep1,rep2	1	1	0
chr1	59705	59719	1	rep2	0	1	0
chr1	65191	65209	1	rep3	0	0	1
chr1	65209	65217	2	rep1,rep3	1	0	1
chr1	65217	65592	3	rep1,rep2,rep3	1	1	1
chr1	65592	65610	2	rep1,rep2	1	1	0
chr1	65610	65618	1	rep2	0	1	0
chr1	66004	66077	1	rep1	1	0	0
chr1	66077	66519	2	rep1,rep3	1	0	1
chr1	66519	66592	1	rep3	0	0	1
chr1	67908	68239	1	rep3	0	0	1
chr1	72260	72759	1	rep3	0	0	1
chr1	73259	73545	1	rep1	1	0	0
chr1	73545	73564	2	rep1,rep3	1	0	1
chr1	73564	74127	3	rep1,rep2,rep3	1	1	1
chr1	74127	74175	2	rep1,rep2	1	1	0
chr1	74175	74196	1	rep2	0	1	0
chr1	74226	74268	1	rep2	0	1	0
chr1	74268	74662	2	rep1,rep2	1	1	0
chr1	74662	74704	1	rep1	1	0	0
chr1	76271	76768	1	rep2	0	1	0
chr1	78664	78709	1	rep1	1	0	0
chr1	78709	78712	2	rep1,rep2	1	1	0
chr1	78712	79137	3	rep1,rep2,rep3	1	1	1
chr1	79137	79182	2	rep2,rep3	0	1	1
chr1	79182	79185	1	rep3	0	0	1
chr1	80949	80955	1	rep2	0	1	0
chr1	80955	81007	2	rep1,rep2	1	1	0
chr1	81007	81542	3	rep1,rep2,rep3	1	1	1
chr1	81542	81548	2	rep1,rep3	1	0	1
chr1	81548	81600	1	rep3	0	0	1
chr1	86072	86100	1	rep3	0	0	1
chr1	86100	86218	2	rep2,rep3	0	1	1
chr1	86218	86763	3	rep1,rep2,rep3	1	1	1
chr1	86763	86773	2	rep1,rep2	1	1	0
chr1	86773	86792	1	rep2	0	1	0
chr1	88868	88897	1	rep1	1	0	0
chr1	88897	88924	2	rep1,rep2	1	1	0
chr1	88924	89340	3	rep1,rep2,rep3	1	1	1
chr1	89340	89369	2	rep2,rep3	0	1	1
chr1	89369	89396	1	rep3	0	0	1
chr1	97180	97197	1	rep2	0	1	0
chr1	97197	97206	2	rep1,rep2	1	1	0
chr1	97206	97612	3	rep1,rep2,rep3	1	1	1
chr1	97612	97629	2	rep1,rep3	1	0	1
chr1	97629	97638	1	rep3	0	0	1
chr1	97760	97787	1	rep2	0	1	0
chr1	97787	97813	2	rep2,rep3	0	1	1
chr1	97813	98183	3	rep1,rep2,rep3	1	1	1
chr1	98183	98210	2	rep1,rep3	1	0	1
chr1	98210	98236	1	rep1	1	0	0
chr2	775	790	1	rep3	0	0	1
chr2	790	824	2	rep2,rep3	0	1	1
chr2	824	1264	3	rep1,rep2,rep3	1	1	1
chr2	1264	1279	2	rep1,rep2	1	1	0
chr2	1279	1313	1	rep1	1	0	0
chr2	4077	4078	1	rep3	0	0	1
chr2	4078	4119	2	rep1,rep3	1	0	1
chr2	4119	4594	3	rep1,rep2,rep3	1	1	1
chr2	4594	4595	2	rep1,rep2	1	1	0
chr2	4595	4636	1	rep2	0	1	0
chr2	5811	6145	1	rep2	0	1	0
chr2	9666	10184	1	rep3	0	0	1
chr2	13585	13588	1	rep3	0	0	1
chr2	13588	13607	2	rep1,rep3	1	0	1
chr2	13607	14075	3	rep1,rep2,rep3	1	1	1
chr2	14075	14078	2	rep1,rep2	1	1	0
chr2	14078	14097	1	rep2	0	1	0
chr2	14125	14132	1	rep2	0	1	0
chr2	14132	14153	2	rep2,rep3	0	1	1
chr2	14153	14610	3	rep1,rep2,rep3	1	1	1
chr2	14610	14700	2	rep2,rep3	0	1	1
chr2	14700	14707	1	rep3	0	0	1
chr2	14859	14913	1	rep2	0	1	0
chr2	14913	14935	2	rep2,rep3	0	1	1
chr2	14935	15447	3	rep1,rep2,rep3	1	1	1
chr2	15447	15448	2	rep1,rep2	1	1	0
chr2	15448	15469	1	rep1	1	0	0
chr2	16004	16046	1	rep3	0	0	1
chr2	16046	16060	2	rep1,rep3	1	0	1
chr2	16060	16575	3	rep1,rep2,rep3	1	1	1
chr2	16575	16617	2	rep1,rep2	1	1	0
chr2	16617	16631	1	rep2	0	1	0
chr2	17954	17966	2	rep1,rep3	1	0	1
chr2	17966	18408	3	rep1,rep2,rep3	1	1	1
chr2	18408	18420	1	rep2	0	1	0
chr2	18574	18607	1	rep3	0	0	1
chr2	18607	18619	2	rep1,rep3	1	0	1
chr2	18619	18991	3	rep1,rep2,rep3	1	1	1
chr2	18991	19024	2	rep1,rep2	1	1	0
chr2	19024	19036	1	rep2	0	1	0
chr2	20597	20598	1	rep2	0	1	0
chr2	20598	20647	2	rep1,rep2	1	1	0
chr2	20647	21084	3	rep1,rep2,rep3	1	1	1
chr2	21084	21085	2	rep1,rep3	1	0	1
chr2	21085	21134	1	rep3	0	0	1
chr2	22949	23413	1	rep2	0	1	0
chr2	23618	23667	1	rep1	1	0	0
chr2	23667	23677	2	rep1,rep2	1	1	0
chr2	23677	24025	3	rep1,rep2,rep3	1	1	1
chr2	24025	24074	2	rep2,rep3	0	1	1
chr2	24074	24084	1	rep3	0	0	1
chr2	28219	28245	1	rep3	0	0	1
chr2	28245	28288	2	rep2,rep3	0	1	1
chr2	28288	28688	3	rep1,rep2,rep3	1	1	1
chr2	28688	28714	2	rep1,rep2	1	1	0
chr2	28714	28757	1	rep1	1	0	0
chr2	33246	33399	1	rep2	0	1	0
chr2	33399	33414	2	rep1,rep2	1	1	0
chr2	33414	33969	3	rep1,rep2,rep3	1	1	1
chr2	33969	33984	2	rep2,rep3	0	1	1
chr2	33984	34015	1	rep2	0	1	0
chr2	40395	40405	1	rep2	0	1	0
chr2	40405	40421	2	rep2,rep3	0	1	1
chr2	40421	40939	3	rep1,rep2,rep3	1	1	1
chr2	40939	40955	2	rep1,rep2	1	1	0
chr2	40955	41066	1	rep2	0	1	0
chr2	42499	42537	1	rep1	1	0	0
chr2	42537	42540	2	rep1,rep2	1	1	0
chr2	42540	42978	3	rep1,rep2,rep3	1	1	1
chr2	42978	43019	2	rep2,rep3	0	1	1
chr2	43019	43047	1	rep2	0	1	0
chr2	43047	43459	2	rep1,rep2	1	1	0
chr2	43459	43521	1	rep1	1	0	0
chr2	47425	47855	1	rep1	1	0	0
chr2	48156	48158	1	rep3	0	0	1
chr2	48158	48193	2	rep1,rep3	1	0	1
chr2	48193	48698	3	rep1,rep2,rep3	1	1	1
chr2	48698	48700	2	rep1,rep2	1	1	0
chr2	48700	48735	1	rep2	0	1	0
chr2	53843	54277	1	rep3	0	0	1
chr2	54508	54520	1	rep1	1	0	0
chr2	54520	54561	2	rep1,rep2	1	1	0
chr2	54561	55010	3	rep1,rep2,rep3	1	1	1
chr2	55010	55022	2	rep2,rep3	0	1	1
chr2	55022	55063	1	rep3	0	0	1
chr2	55412	55466	1	rep2	0	1	0
chr2	55466	55471	2	rep2,rep3	0	1	1
chr2	55471	56081	3	rep1,rep2,rep3	1	1	1
chr2	56081	56091	2	rep1,rep3	1	0	1
chr2	56091	56103	1	rep3	0	0	1
chr2	57950	57956	1	rep3	0	0	1
chr2	57956	58172	2	rep2,rep3	0	1	1
chr2	58172	58698	3	rep1,rep2,rep3	1	1	1
chr2	58698	58737	2	rep1,rep3	1	0	1
chr2	58737	58754	1	rep1	1	0	0
chr2	62132	62195	1	rep3	0	0	1
chr2	62195	62571	2	rep1,rep3	1	0	1
chr2	62571	62634	1	rep1	1	0	0
chr2	62722	63200	1	rep2	0	1	0
chr2	66265	66285	1	rep1	1	0	0
chr2	66285	66296	2	rep1,rep3	1	0	1
chr2	66296	66781	3	rep1,rep2,rep3	1	1	1
chr2	66781	66801	2	rep2,rep3	0	1	1
chr2	66801	66812	1	rep2	0	1	0
chr2	67811	68285	1	rep3	0	0	1
chr2	68995	69327	1	rep1	1	0	0
chr2	72900	72956	1	rep3	0	0	1
chr2	72956	72964	2	rep1,rep3	1	0	1
chr2	72964	73333	3	rep1,rep2,rep3	1	1	1
chr2	73333	73389	2	rep1,rep2	1	1	0
chr2	73389	73397	1	rep2	0	1	0
chr2	76692	76727	1	rep3	0	0	1
chr2	76727	76748	2	rep1,rep3	1	0	1
chr2	76748	77251	3	rep1,rep2,rep3	1	1	1
chr2	77251	77286	2	rep1,rep2	1	1	0
chr2	77286	77307	1	rep2	0	1	0
chr2	77782	77818	1	rep2	0	1	0
chr2	77818	77846	2	rep2,rep3	0	1	1
chr2	77846	78771	3	rep1,rep2,rep3	1	1	1
chr2	78771	78775	2	rep1,rep3	1	0	1
chr2	78775	78777	1	rep1	1	0	0
chr2	78997	79482	1	rep1	1	0	0
